lipid_type,mean_effect,hdi_lower,hdi_upper,prob_effect,effect_direction
CHOL,2.567149787557629,2.207846418990093,2.9128007346093288,1.0,positive
DIPC,1.5177996081056535,0.4561317794099685,2.5036985224587713,0.99725,positive
DPSM,1.1765520018258413,0.6787778428094307,1.6692320843836121,1.0,positive
DOPS,-1.0157090977149928e-11,-9.36992259004315e-10,1.0146357073203172e-09,0.5085,negative
