lipid_type,mean_effect,hdi_lower,hdi_upper,prob_effect,effect_direction
DIPC,-1.006306068698703,-1.1171749923697616,-0.9006434325983155,1.0,negative
DPSM,0.4471904930431967,0.3854389288860643,0.5068573741681719,1.0,positive
CHOL,0.42684563896490135,0.3564766592142547,0.4952058756810461,1.0,positive
DOPS,-2.4687822825599573e-13,-1.4674389311503843e-10,1.393797450240014e-10,0.50275,negative
