lipid_type,mean_effect,hdi_lower,hdi_upper,prob_effect,effect_direction
DIPC,-1.0498341716638997,-1.236815172185765,-0.8461318410282285,1.0,negative
CHOL,0.4464918327782116,0.3792919063131855,0.5136468983935916,1.0,positive
DPSM,0.42216768452597536,0.33267124027285305,0.5189020701153438,1.0,positive
DOPS,1.1725100322942138e-12,-2.6616064631757223e-10,2.6251589552873406e-10,0.50525,positive
