lipid_type,mean_effect,hdi_lower,hdi_upper,prob_effect,effect_direction
CHOL,1.895417982060699,1.6146968090111204,2.162414053680631,1.0,positive
DIPC,-1.440483502880906,-2.3842859557621083,-0.48793308483057757,0.997125,negative
DPSM,0.27790511109415694,0.19736909377966635,0.3536327777958019,1.0,positive
DOPS,-7.989140049024945e-13,-3.8793632656577326e-10,3.686663114638771e-10,0.499125,negative
