lipid_type,mean_effect,hdi_lower,hdi_upper,prob_effect,effect_direction
DPSM,-3.0356070672251327,-4.72725494916233,-1.2019227447345382,0.9995,negative
DIPC,1.089578330852525,-0.8001450554115677,2.88319703555751,0.87475,positive
CHOL,0.9685959700490266,0.3952020221114637,1.5530987702527326,0.998125,positive
DOPS,-1.6030267424521858e-12,-7.572357927079601e-10,7.963756525577619e-10,0.4955,negative
